jmoore James jmoore7@mail.umw.edu lrZNofhNfwtCCupoVU9eJw==
Ktracy kyle ktray999@comcast.net MfNYMZKpXTq8VF3NcEBl0A==
Kyle 123 test.net 7TRVtu3p9mXTwnEzGdYeIw==
Ktracyy Kyle ktray.com XLX4QLYon9p5Q3PeaH9dwQ==
jtwhipple JT jtwhipple@yahoo.com K0KBP5zN4RPR9Tvl4b+JRw==
KyleT kyle 1234 XLX4QLYon9p5Q3PeaH9dwQ==
bobsaget bobsaget bobbyray@gmail.com 8rB2SPYWNn7HK/UWFMov1A==
DragonSlayer Bilbo Baggins XLX4QLYon9p5Q3PeaH9dwQ==
minionDave Dave minionDave@gru.com PGyB72iEXsGS9o9KRY858g==
minionKevin Kevin minionKevin@gru.com zJHieAXAl9lGze2LmuJ6mg==
minionStuart Stuart minionStuart@gru.com yVvpnYlO3lls2tKYK8otfw==
minionBob Bob minionbob@gru.com VZniIML/s8uP3PhmN7iVQw==
minionCarl Carl minionCarl@gru.com 9niuiNTedQipKU3JZUhFtw==
minionTom Tom minionTom@gru.com MNCD7zwkw3pAszquTjpKnA==
minionPhil Phil minionPhil@gru.com fyiwlKzfXfRM49joiz9Skg==
minionJerry Jerry minionJerry@gru.com 7nV1wQ7Q99lIAP/LkVCRRQ==
minionTim Tim minionTim@gru.com +6gfnDxf8KXcvQgQq1dQ6A==
minionPaul Paul minionPaul@gru.com pkQ0ngPiXM7kV3rn+IORzA==
minionJohn John minionJohn@gru.com OIZO4u29B5IiVk4yaksUmg==
minionFrank Frank Frank minionFrank@gru.com jo78tBcJKouGs6e8ct67ug==
minionJoerge Joerge minionJoerge@gru.com nOvNqDCGKHCS+NphgySQHA==
minionLance Lance minionLance@gru.com bR4H1Lc3ayfepdSwQvKSEg==
minionMark Mark minionMark@gru.com 03J9/8u3QR7VxaQhnjwWCg==
minionDonny Donny minionDonny@gru.com hiAk+F67qE0EimROBrGE0A==
TheBossMan Gru TheBossMan@gru.com os2sFVbTN3wVYMJIE8lKcQ==
Dr._Nefario Dr. Nefario qrpBhEbVaoAZqYUuYXC2BQ==
