jmoore 12345 James jmoore7@mail.umw.edu
Ktracy gt444 kyle ktray999@comcast.net
Kyle 123 kyle test.net
Ktracyy 1234 Kyle ktray.com
jtwhipple password JT jtwhipple@yahoo.com
KyleT 1234 kyle 1234
bobsaget fullhouse bobsaget bobbyray@gmail.com
DragonSlayer 1234 Bilbo Baggins
minionDave awesomedave Dave minionDave@gru.com
minionKevin Kevin Kevin minionKevin@gru.com
minionStuart Stuart Stuart minionStuart@gru.com
minionBob Bob Bob minionbob@gru.com
minionCarl Carl Carl minionCarl@gru.com
minionTom Tom Tom minionTom@gru.com
minionPhil Phil Phil minionPhil@gru.com
minionJerry Jerry Jerry minionJerry@gru.com
minionTim Tim Tim minionTim@gru.com
minionPaul Paul Paul minionPaul@gru.com
minionJohn John John minionJohn@gru.com
minionFrank Frank Frank minionFrank@gru.com
minionJoerge Joerge Joerge minionJoerge@gru.com
minionLance Lance Lance minionLance@gru.com
minionMark Mark Mark minionMark@gru.com
minionDonny Donny Donny minionDonny@gru.com
TheBossMan EvilGru Gru TheBossMan@gru.com
Dr._Nefario fartGun Dr. Nefario Nefario@gru.com